Customer,Address,Phone,Personnummer
Sofie Ibrahim,"Ängsvägen 03, 14010 Gävle",061-608 60 88,400118-5901
Mona Lundgren,"Kyrkvägen 084, 49722 Göteborg",+46 (0)396 101 64,391117-9285
Tuulikki Blomqvist,"Kvarnvägen 654, 94181 Borås",+46 (0)918 939 10,981215-7254
Maria Lund,"Idrottsgatan 29, 95515 Eskilstuna",011-396 09 07,960709-2138
Isabelle Hjelm-Larsson,"Åkervägen 971, 90160 Sundsvall",+46 (0)20 79 17 12,480306-8115
Camilla Johansson,"Åkertorget 069, 39757 Motala",0861-196 16,940125-0585
Hanna Hassan,"Villavägen 3, 86247 Kristianstad",037-883 90 90,410710-9094
Lova Sundberg-Olsson,"Storstigen 811, 77717 Kristianstad",096-473 28 15,970509-1354
Anna Rosenberg,"Ekgatan 995, 22276 Östersund",024-65 61 12,460430-5393
Ida Haraldsson,"Nygränd 66, 29051 Östersund",+46 (0)507 376 03,050129-1702
Mary Persson,"Järnvägsstigen 4, 45736 Östersund",08-921 70 79,650907-0865
Stina Jansson,"Björkgatan 6, 17233 Mölndal",0829-327 34,970320-1955
Mari Granath Åkesson,"Ringvägen 046, 63456 Karlstad",08-764 060 43,390120-3251
Karin Nilsson,"Stationsstigen 7, 38873 Östersund",+46 (0)975 970 92,870510-7632
Kerstin Andersson,"Kyrkgatan 214, 41710 Landskrona",018-68 77 32,890713-4053
Maria Eklund,"Strandgatan 860, 99872 Mölndal",062-56 88 13,410316-8359
Amanda Lundgren,"Parktorget 58, 26034 Mölndal",08-115 654 00,540225-7553
Maria Berg,"Skolvägen 78, 53191 Landskrona",+46 (0)50 76 54 96,020819-5933
Joanna Åkerlund,"Backstigen 81, 88068 Karlskoga",+46 (0)64 52 15 10,000112-4718
Margareta Eriksson,"Parkgatan 083, 83788 Göteborg",091-978 15 65,860806-5499
Anna Andersson,"Ringstigen 91, 55006 Varberg",08-11 67 41,551226-2535
Laila Fransson Hedlund,"Åkertorget 022, 19742 Lidköping",067-40 00 26,960812-8352
Agnes Karlsson,"Stationstorget 867, 86539 Skövde",031-61 94 36,491206-5150
Elsa Svensson,"Björkgränd 34, 11776 Umeå",08-80 24 81,920430-0215
Kristina Åström,"Ängsgränd 76, 38179 Uddevalla",0684-865 67,590612-4861
Gunnel Pettersson,"Trädgårdsgatan 84, 30993 Malmö",0400-369 09,680414-8994
Agneta Ekman,"Trädgårdsvägen 630, 98581 Karlskrona",+46 (0)8 779 494 77,850328-3593
Cecilia Ottosson Lindblom,"Fabrikstorget 009, 16221 Trollhättan",062-619 00 20,680912-5039
Ester Ekelund,"Åkergatan 231, 83376 Norrköping",08-83 48 04,380518-3252
Sabina Johansson-Omar,"Grangatan 745, 55460 Piteå",+46 (0)8 512 551 71,000615-6756
Erika Wiberg Nilsson,"Stortorget 8, 83044 Östersund",019-396 62 36,690811-8372
Edit Ahlström-Samuelsson,"Skolvägen 425, 75756 Växjö",08-190 01 56,040605-9147
Olga Carlsson,"Björkstigen 020, 55468 Växjö",+46 (0)8 520 541 61,970114-2821
Madeleine Larsson Lundström,"Trädgårdsstigen 574, 45955 Malmö",08-44 41 50,950821-8626
Ellen Nilsson,"Parkvägen 543, 51729 Falun",041-80 39 83,000807-9626
Maj-Britt Hagberg-Bergström,"Kvarngatan 389, 47183 Sandviken",08-696 529 01,411210-1656
Eva Pettersson-Karlberg,"Skolgränd 627, 58873 Falun",+46 (0)8 222 412 39,511005-5604
Louise Blomqvist,"Furuvägen 38, 87020 Motala",0749-82 98 86,030603-7102
Stina Larsson Andersson,"Bäckgränd 61, 45259 Nyköping",068-89 02 55,980203-2699
Kristina Ekman Gustafsson,"Skogsvägen 668, 13429 Skellefteå",0973-690 10,661104-6993
Kristina Brandt,"Industrigatan 1, 34708 Falun",0940-48 36 42,890522-1597
Joanna Torstensson-Svensson,"Bäckgränd 425, 11910 Karlskoga",08-900 23 32,761115-2401
Lilian Andersson,"Åkervägen 4, 44158 Landskrona",+46 (0)8 389 914 23,930408-3224
Karin Persson,"Furutorget 513, 94184 Trelleborg",060-774 82 26,490201-7484
Eivor Svensson,"Kvarngränd 3, 96302 Örebro",+46 (0)8 118 446 69,700606-8501
Julia Karlsson,"Grangatan 75, 60901 Sundsvall",08-288 12 87,020207-5792
Victoria Ek,"Skolstigen 67, 98473 Halmstad",0613-38 82 38,430330-6577
Maria Eriksson,"Villavägen 913, 50242 Motala",08-585 92 83,410918-5795
Eva Jonsson-Berg,"Åkervägen 73, 17660 Halmstad",+46 (0)8 704 133 66,750529-8526
Anna Wahlström Lundin,"Bäcktorget 44, 72114 Örnsköldsvik",0242-554 32,630412-3000
Tindra Jonsson,"Nyvägen 75, 11633 Linköping",08-45 75 06,031129-0464
Sandra Sjöberg,"Skolgatan 929, 43096 Malmö",057-240 86 25,560511-1326
Zahra Flink,"Björkgatan 56, 65143 Piteå",+46 (0)188 613 59,801116-3071
Helen Johansson,"Industrigränd 1, 28362 Lund",+46 (0)8 272 767 13,980130-3422
Alice Lundgren,"Ringvägen 76, 26134 Landskrona",08-287 19 26,980122-7878
Birgitta Ståhl-Hultgren,"Fabriksvägen 6, 72388 Sundsvall",086-831 04 12,610329-4028
Margareta Lund,"Nygatan 6, 62937 Landskrona",08-93 24 07,540220-9521
Tova Gustafsson Bengtsson,"Nyvägen 622, 39305 Kristianstad",08-94 70 71,901208-9356
Ann Nilsson,"Idrottsvägen 8, 63552 Sundsvall",0617-77 72 10,901104-3719
Agnes Åberg,"Åkerstigen 22, 50789 Skellefteå",08-402 255 92,841210-2173
Lilian Axelsson,"Storvägen 0, 73994 Luleå",+46 (0)8 840 114 20,030417-5920
Kristina Hansen,"Aspstigen 13, 51357 Sundsvall",+46 (0)685 572 10,840921-6200
Anna Dahlin Ågren,"Furugränd 88, 90312 Ängelholm",099-73 87 24,810113-7506
Ingrid Bäckström Persson,"Järnvägsstigen 49, 74337 Lidköping",08-80 66 76,521117-6978
Ulla Hellman,"Ekstigen 60, 15004 Malmö",+46 (0)8 244 964 17,891106-8834
Maria Axelsson,"Nytorget 91, 88709 Lidköping",08-78 19 07,891101-6767
Linnéa Eriksson-Byström,"Skolstigen 45, 97546 Borås",+46 (0)862 415 63,441112-0035
Birgitta Nilsson,"Idrottsvägen 51, 52369 Borås",0106-820 13,640113-3456
Louise Wall,"Parkgatan 961, 17045 Karlstad",052-757 52 90,990215-7727
Carina Pettersson Nylander,"Trädgårdsvägen 31, 88094 Alingsås",+46 (0)313 235 62,680723-0690
Maria Frank,"Åkergränd 4, 90224 Kristianstad",043-46 29 04,430815-3222
Astrid Backlund,"Kyrkvägen 880, 57118 Lund",+46 (0)188 411 12,981103-6731
Sara Svensson,"Bäckvägen 7, 36384 Linköping",0531-396 71,860309-0559
Christina Olofsson,"Fabriksvägen 0, 32908 Örebro",+46 (0)879 182 36,900316-6783
Cristina Persson,"Grantorget 4, 47164 Skövde",081-92 63 75,620626-8408
Margareta Olsson,"Storgränd 355, 35602 Lund",0270-57 49 29,671203-2561
Gun Jansson,"Ringgatan 9, 57499 Sandviken",+46 (0)06 48 89 26,431218-4601
Linnéa Ottosson,"Granstigen 1, 94751 Borås",066-158 11 23,951215-6036
Ylva Nilsson,"Stationstorget 1, 10349 Trollhättan",08-26 85 10,930323-2665
Tindra Karlsson Åkesson,"Parkstigen 76, 10347 Skövde",08-095 88 67,450531-4726
Gunilla Olofsson,"Kvarngränd 697, 46408 Karlskoga",+46 (0)8 870 930 32,050501-4027
Anna Lindström Sandgren,"Industrigatan 0, 33881 Malmö",+46 (0)16 11 22 15,521207-7944
Tina Larsson,"Genstigen 97, 72115 Lidingö",08-45 06 42,050608-5364
Iris Nilsson,"Bäckgatan 1, 75985 Varberg",+46 (0)727 655 48,490129-6196
Ann-Marie Sandberg,"Fabriksstigen 316, 76177 Karlstad",08-412 63 54,750324-2856
Caroline Nordström Andreasson,"Ringstigen 6, 20479 Trelleborg",08-52 80 73,540522-6134
Caroline Karlsson-Hellberg,"Nygatan 91, 83897 Landskrona",0458-20 73 86,460425-7487
Alexandra Olsson,"Bäckvägen 3, 43869 Helsingborg",08-976 475 21,950407-8487
Ingrid Bergvall,"Furugatan 8, 48627 Karlstad",+46 (0)24 26 03 58,910519-4634
Anita Johansson,"Industristigen 03, 40614 Göteborg",0998-74 24 80,960825-5072
Charlotte Engström,"Bäckgatan 8, 85966 Halmstad",08-338 060 59,910827-2437
Gunvor Magnusson Öberg,"Backgatan 8, 81672 Karlskoga",08-149 618 54,841022-4763
Ulla Melin,"Aspvägen 0, 37416 Trollhättan",0452-508 15,760413-8730
Dagny Svensson,"Bäckstigen 252, 74950 Borlänge",+46 (0)21 25 43 31,981014-7646
Ulrika Larsson,"Skolvägen 98, 40809 Borlänge",0141-431 54,681010-5228
Marie Lund,"Storgatan 42, 91882 Landskrona",08-877 130 48,711020-3960
Inger Lund,"Skolvägen 6, 71181 Alingsås",+46 (0)35 56 23 57,791118-2462
Zahra Svensson-Johansson,"Grangränd 061, 36553 Nyköping",0026-601 74,400328-6996
Karin Larsson,"Idrottsgränd 190, 83179 Karlstad",+46 (0)805 999 39,510617-0615
Harriet Berg,"Fabriksgränd 0, 95963 Uppsala",08-731 36 88,640413-8023
Ann Knutsson,"Idrottsvägen 2, 46551 Stockholm",+46 (0)73 70 13 25,710524-0449
Gerd Lindqvist,"Industristigen 50, 55373 Södertälje",+46 (0)769 187 17,031014-0330
Sofia Vallin,"Ängsgränd 82, 10637 Uppsala",+46 (0)10 75 03 83,480629-0807
Madelene Lindgren-Carlberg,"Storvägen 702, 43717 Mölndal",0423-63 67 02,530404-5650
Charlotta Andersson,"Parkstigen 109, 21904 Mölndal",08-364 444 03,880504-5534
Cecilia Holmgren,"Backstigen 4, 99766 Örnsköldsvik",+46 (0)8 637 065 60,630813-9200
Edith Isaksson,"Grantorget 74, 25203 Örebro",064-619 77 99,770314-1197
Irene Hedman,"Fabriksgatan 0, 34491 Halmstad",+46 (0)83 69 15 86,570307-0606
Ann-Sofie Berggren,"Stationsgränd 6, 29200 Linköping",08-993 676 74,990826-3057
Viola Thor Gustafsson,"Ängstorget 480, 62416 Östersund",08-171 70 84,000722-4124
Alice Axelsson,"Genvägen 5, 63184 Eskilstuna",0970-64 19 50,561012-3878
Britt Pettersson,"Furustigen 42, 85115 Karlstad",+46 (0)8 460 904 79,050719-3324
Katarina Bengtsson,"Parkgatan 58, 46109 Karlstad",08-308 85 97,460405-5261
Erika Dahlberg-Nilsson,"Skolgatan 05, 70159 Örebro",08-56 04 89,510326-2258
Olivia Malmström,"Skoltorget 549, 30393 Trelleborg",058-22 71 95,651011-9842
Eva Hansson,"Kyrkogatan 5, 78023 Göteborg",0596-839 38,700610-4371
Linnea Mattsson,"Furuvägen 8, 29484 Lund",0507-15 04 64,751014-2008
Barbro Granlund,"Stationsgatan 24, 16309 Varberg",08-17 28 74,980717-2268
Johanna Svensson,"Bäcktorget 7, 33841 Piteå",019-85 85 51,621205-8827
Sigrid Holmgren,"Skolgränd 20, 46476 Ängelholm",091-298 26 01,991126-8184
Astrid Eriksson-Svensson,"Backgatan 7, 83837 Falun",0713-730 95,500128-9916
Malin Gustafsson,"Villavägen 242, 18096 Lidingö",08-20 44 28,501213-8391
Elna Engberg,"Granstigen 1, 57983 Karlskoga",015-308 78 92,420602-4558
Irene Palm,"Järnvägsvägen 0, 82652 Södertälje",+46 (0)8 672 226 75,950329-4267
Anita Andersson,"Nyvägen 46, 92586 Landskrona",0863-236 10,701113-4041
Ann-Charlotte Johnsson,"Nyvägen 51, 36077 Halmstad",08-012 24 20,020907-9359
Ingrid Widén-Eriksson,"Furugränd 194, 39438 Luleå",078-576 54 65,930801-0736
Lisbeth Holmberg,"Åkervägen 571, 42440 Gävle",+46 (0)66 02 35 03,891116-5697
Jeanette Andersson,"Kvarnvägen 39, 21984 Varberg",049-95 49 99,680818-7006
Moa Berglund,"Skogsgatan 25, 77323 Alingsås",+46 (0)50 78 46 53,731219-6335
Therese Carlsson,"Skolgatan 312, 39137 Luleå",+46 (0)174 206 10,410517-2805
Vilma Hedström,"Trädgårdsgatan 224, 74343 Skövde",+46 (0)703 379 78,870926-1112
Åse Berg,"Kvarnvägen 59, 47476 Skellefteå",+46 (0)915 527 14,361113-4648
Sonja Sandberg,"Järnvägsvägen 33, 96497 Piteå",08-770 745 63,840407-4828
Angelica Jensen,"Storgränd 8, 23240 Borås",08-385 759 77,590323-8250
Moa Karlsson Berglund,"Backgatan 483, 15924 Stockholm",08-544 561 73,390508-4368
Marie Pettersson-Pettersson,"Villastigen 5, 82510 Trelleborg",091-739 52 93,590618-9138
Lina Fredriksson,"Villagatan 74, 84144 Jönköping",08-379 731 39,490730-0612
Viola Gren,"Skolvägen 166, 48930 Borås",+46 (0)8 340 028 65,920221-3337
Inga Jönsson,"Björkstigen 8, 68132 Piteå",08-838 114 97,961003-4705
Ahmed Gustafsson,"Stationsgatan 18, 33938 Skellefteå",022-437 72 07,990316-2809
Maria Jakobsson,"Skolvägen 339, 40330 Gävle",+46 (0)69 55 82 81,511209-5483
Kajsa Olsson,"Ängsgränd 9, 83593 Piteå",08-299 96 24,040530-8834
Inger Ahlgren,"Furuvägen 08, 33799 Skövde",+46 (0)408 272 27,070302-0982
Katarina Ali,"Trädgårdsstigen 8, 75689 Borås",0267-664 02,521030-3250
Lovisa Eriksson-Lindfors,"Skogsvägen 054, 62496 Skellefteå",08-689 577 69,030803-2572
Sara Lindström-Jakobsson,"Skoltorget 998, 78219 Lund",+46 (0)8 019 884 68,850331-3853
Leia Pettersson,"Stationsgatan 79, 61611 Borlänge",060-97 37 11,740122-1705
Christina Nyström,"Storvägen 127, 38757 Karlskrona",+46 (0)8 226 857 38,850818-8110
Caroline Sjölander,"Industritorget 68, 59779 Skellefteå",0080-904 34,941120-4879
Irma Johansson,"Villagatan 15, 74856 Östersund",08-076 117 04,011120-7973
Inger Malmqvist,"Åkervägen 70, 22349 Malmö",08-55 31 39,621117-4120
Ellinor Ahmad,"Villavägen 0, 30444 Linköping",043-88 12 54,600828-3746
Linn Hansson,"Skolvägen 19, 96151 Uddevalla",0664-695 56,570120-3019
Hannah Gustafsson Jakobsson,"Ängstorget 366, 17798 Göteborg",+46 (0)327 389 27,590912-5550
Doris Carlsson,"Genvägen 3, 64307 Lidköping",08-87 48 98,451223-3471
Nova Kjellberg,"Stationsvägen 35, 75446 Linköping",+46 (0)8 017 900 08,671225-1187
Jennie Arvidsson,"Industrigatan 0, 94230 Uppsala",08-512 994 46,631111-4174
Lina Blomkvist Helgesson,"Gengatan 77, 33143 Karlstad",08-655 659 47,741011-0774
Maria Nordin,"Stationsvägen 0, 29438 Alingsås",+46 (0)8 852 840 65,390309-7446
Susanne Sjögren,"Kyrkstigen 110, 45010 Uppsala",067-73 91 68,631020-2814
Jonna Wiklund,"Genvägen 13, 46073 Karlskrona",+46 (0)80 96 01 32,850721-4495
Alma Svensson,"Kyrktorget 948, 45932 Södertälje",+46 (0)8 662 507 63,990402-8397
Therese Johansson,"Granstigen 7, 60793 Malmö",068-24 32 44,821220-2496
Sigrid Samuelsson,"Villavägen 91, 64912 Skellefteå",08-059 34 92,390220-2948
Alice Johansson,"Skolgränd 86, 30423 Trelleborg",+46 (0)446 096 51,050329-2591
Betty Persson,"Industrigatan 5, 20812 Halmstad",0593-957 96,021116-3951
Joanna Andersson Johnson,"Granvägen 607, 49675 Lidingö",0667-12 49 39,510203-9111
Gertrud Wahlberg,"Furugatan 90, 67459 Helsingborg",08-24 02 83,931224-0071
Gerd Holst,"Kyrktorget 4, 27871 Stockholm",+46 (0)59 03 12 56,630615-2213
Ulrika Blixt,"Ekgatan 32, 29235 Lidköping",0229-016 16,750512-8194
Sonia Jakobsson,"Industritorget 02, 18923 Luleå",0467-32 92 96,351214-1205
Ingegerd Ottosson,"Kvarnstigen 03, 21996 Falun",0308-344 95,531114-5873
Christina Jansson Boman,"Nytorget 92, 27093 Eskilstuna",0852-52 70 40,760604-4704
Angelina Eriksson Larsson,"Kyrkvägen 966, 81708 Trollhättan",065-883 42 36,650728-3643
Olivia Persson,"Storstigen 58, 40650 Borås",0181-221 53,791120-5644
Nathalie Andersson,"Bäckgränd 45, 81928 Gävle",08-444 474 89,670901-4283
Maria Nyman,"Idrottsvägen 960, 81864 Landskrona",+46 (0)36 24 32 64,780805-2190
Elisabeth Larsson,"Industritorget 3, 37611 Trollhättan",+46 (0)73 86 12 10,041209-4120
Maria Nilsson,"Skolstigen 4, 47196 Umeå",+46 (0)351 357 70,460704-8594
Klara Nylander Ahmadi,"Grangatan 1, 23465 Falun",+46 (0)8 490 753 70,730624-4521
Katarina Andersson,"Skolgränd 0, 64691 Södertälje",08-945 741 89,970816-9066
Inger Malmgren Ali,"Backvägen 08, 14858 Västerås",023-724 86 20,530822-3378
Lillemor Lindfors Nyman,"Björkvägen 1, 19711 Varberg",0441-052 61,940413-2103
Liselott Eriksson,"Ringgatan 74, 75485 Stockholm",+46 (0)8 833 683 88,570719-8890
Kristin Nilsson,"Järnvägstorget 8, 75638 Karlstad",0794-340 79,490116-1465
Anette Eriksson,"Furuvägen 58, 40118 Malmö",031-916 32 86,421117-8456
Katarina Pedersen,"Industristigen 524, 87918 Alingsås",093-477 43 08,050405-2614
Selma Lilja,"Ekgatan 8, 48275 Falun",08-569 84 29,390526-2642
Agneta Ahmed,"Skoltorget 540, 31601 Alingsås",0995-70 41 98,671006-6009
Gudrun Stenberg,"Nygatan 0, 54638 Örnsköldsvik",+46 (0)816 383 93,841214-1296
Katarina Nilsson,"Nyvägen 07, 78590 Norrköping",0467-87 80 41,060925-9098
Marie Lundström,"Parkstigen 4, 79217 Växjö",+46 (0)254 411 42,880817-1568
Angelina Lindholm,"Ängsstigen 21, 35411 Västerås",0625-87 26 92,860106-4812
Kerstin Lundqvist,"Åkergatan 0, 47104 Halmstad",073-31 47 00,980111-2799
Evelina Ibrahim,"Järnvägsgränd 479, 59107 Örnsköldsvik",+46 (0)543 191 20,670116-8301
Lilly Dahl,"Gentorget 72, 53184 Göteborg",08-838 11 67,890624-2840
Maryam Karlsson,"Industrigränd 09, 76811 Jönköping",037-11 80 03,380917-9272
Marie Lundell Olsson,"Granvägen 1, 33579 Norrköping",+46 (0)04 15 00 72,490510-1459
Anna Jonasson,"Nytorget 1, 48773 Piteå",08-10 30 17,710111-6791
Ebba Åkesson,"Kvarntorget 48, 37424 Ängelholm",083-00 14 12,630729-3644
Kristina Olsson,"Parkgatan 1, 28574 Sundsvall",0989-27 66 73,760406-5404
Sarah Andersson,"Nystigen 0, 12397 Östersund",08-130 729 78,420430-8151
Julia Jonasson,"Trädgårdsvägen 277, 45472 Linköping",08-40 93 07,530921-2867
Gertrud Mohammadi-Hosseini,"Aspvägen 5, 69037 Karlskoga",+46 (0)77 13 80 68,900621-8300
Åsa Källström-Edström,"Ringvägen 474, 22370 Malmö",08-22 06 88,670219-4314
Iris Bäck,"Parkstigen 37, 51276 Trollhättan",0049-114 10,470722-7825
Linnea Gustavsson,"Grangränd 7, 41214 Lidköping",08-710 82 20,480729-3370
Charlotte Werner-Olsson,"Kyrkotorget 918, 39385 Örebro",019-19 74 00,400315-1315
Nelly Andersson,"Industrigatan 73, 60267 Kalmar",+46 (0)891 709 95,651210-6565
Ella Wallin,"Stationsvägen 7, 28775 Uddevalla",+46 (0)96 90 62 18,891027-0126
Berit Lund,"Kyrkotorget 63, 82634 Stockholm",0212-88 58 94,360719-1347
Ann-Charlott Jeppsson-Danielsson,"Industrivägen 20, 28536 Varberg",+46 (0)830 919 11,390528-0370
Lisbeth Jonsson-Österberg,"Storvägen 0, 55698 Östersund",0735-81 19 67,580424-2880
Elisabeth Vesterlund,"Storvägen 2, 84458 Lund",0102-716 60,840419-0962
Ester Karlsson,"Björkvägen 30, 91899 Västerås",08-241 414 77,550907-9165
Karin Dahl,"Industrivägen 3, 30549 Skellefteå",0380-29 70 20,530830-8732
Elisabet Berg,"Furuvägen 380, 83778 Linköping",08-36 39 16,560806-9745
Britta Hermansson,"Industrigatan 75, 64479 Uddevalla",+46 (0)8 155 119 70,761217-5484
Kristina Bengtsson,"Skogsvägen 49, 37828 Landskrona",+46 (0)945 622 34,801016-4898
Therese Lindahl-Martinsson,"Parktorget 37, 50950 Sundsvall",08-013 664 29,751230-8458
Emma Gustafsson,"Fabriksgränd 32, 58024 Uddevalla",0283-95 25 09,010215-5330
Jenny Karlsson Borg,"Skogsgränd 17, 74456 Stockholm",0270-142 99,360222-0778
Marie Kvist Stark,"Villavägen 972, 20515 Uppsala",0334-04 73 69,410919-5562
Valborg Sundin,"Skolgränd 20, 33385 Växjö",074-034 96 70,930823-9459
Sandra Sjöström,"Nyvägen 77, 14918 Lidingö",057-75 81 16,020829-7697
Ann-Charlott Andersson Olofsson,"Fabriksgränd 858, 53153 Landskrona",+46 (0)8 665 059 40,940521-7903
Margareta Björk,"Parktorget 227, 22450 Lidingö",0542-128 09,390106-8696
Ingela Moberg,"Industritorget 96, 24007 Eskilstuna",08-463 82 96,661229-4360
Lovisa Lundin,"Grantorget 0, 52726 Nyköping",+46 (0)250 738 92,481025-6307
Karin Blomqvist,"Björktorget 4, 48236 Örebro",08-962 638 67,450426-9301
Inez Andersson Henriksson,"Skolgatan 5, 66406 Västerås",08-16 82 50,881125-6802
Freja Håkansson-Björkman,"Trädgårdsstigen 408, 13451 Uddevalla",+46 (0)444 164 46,620721-3304
Elisabeth Karlsson,"Trädgårdsstigen 97, 73873 Skellefteå",08-746 233 07,500730-9544
Wilma Krantz,"Storvägen 96, 10979 Kalmar",0833-042 08,410213-4998
Elisabet Karlsson,"Strandvägen 72, 73878 Växjö",026-017 17 49,460604-4008
Yvonne Ferm,"Björkstigen 191, 89515 Karlskrona",08-52 81 94,921225-3513
Ingegerd Hermansson,"Järnvägsgränd 3, 77838 Skellefteå",+46 (0)8 128 957 44,810921-9520
Wilma Andersson,"Aspstigen 08, 16072 Karlskoga",0741-44 75 71,690715-3776
Viktoria Lindblom,"Idrottsgatan 535, 36903 Umeå",+46 (0)454 275 93,980723-0439
Sonja Törnqvist,"Storstigen 43, 78682 Luleå",021-199 60 22,700316-2802
Malin Emanuelsson,"Strandgatan 70, 22530 Borås",+46 (0)69 47 00 54,540618-7228
Alice Carlsson,"Ringgatan 502, 91970 Trelleborg",005-124 78 23,741111-0344
Diana Bohlin,"Storvägen 39, 12909 Norrköping",+46 (0)26 00 02 84,880919-9121
Lilly Martinsson Andersson,"Parktorget 11, 64739 Alingsås",08-719 022 93,720527-0692
Ann-Christin Johansson,"Bäckvägen 121, 30949 Trollhättan",+46 (0)924 982 60,710304-5667
My Ahmed,"Skolgatan 104, 29742 Örebro",0994-268 72,861208-3793
Mona Ek,"Åkervägen 861, 22665 Västerås",057-25 36 51,821203-1432
Caroline Jonsson,"Kyrktorget 2, 24326 Ängelholm",061-87 15 69,420716-3587
Ulrika Holmström,"Gengatan 7, 85775 Södertälje",0969-879 30,651218-8118
Michelle Andersson,"Kyrkgatan 5, 36815 Borlänge",+46 (0)8 659 662 15,960712-5987
Nina Holm,"Kyrktorget 1, 18163 Lund",+46 (0)8 181 117 60,361103-9037
Malin Nyman,"Strandgatan 4, 60172 Norrköping",+46 (0)168 678 52,660909-1084
Ebba Malmberg-Pettersson,"Trädgårdstorget 4, 61895 Växjö",08-387 602 30,670319-8652
Maya Johansson,"Ringtorget 0, 80200 Norrköping",016-85 00 38,821214-2049
Evy Lövgren,"Ringvägen 1, 15172 Trelleborg",08-675 070 28,611015-7465
Freja Hellström,"Ringvägen 521, 84969 Helsingborg",081-641 49 70,570924-4312
Lilian Larsson,"Parkstigen 63, 63164 Örebro",+46 (0)851 403 38,060130-5568
Alva Larsson,"Storgatan 84, 63907 Nyköping",+46 (0)8 877 628 07,051024-2373
Mona Åkesson,"Skogsvägen 34, 51889 Östersund",08-99 81 67,030411-1388
Astrid Andersson Westberg,"Trädgårdsgatan 86, 80229 Trollhättan",034-071 52 74,920529-8475
Marie Olsen,"Kyrkgatan 1, 83212 Kristianstad",08-207 267 14,451129-2460
Christina Dahl,"Parkstigen 00, 80634 Alingsås",08-385 24 29,731115-2727
Rut Flink,"Skolgränd 207, 64108 Uppsala",0238-95 44 93,900710-1026
Emilia Eriksson-Hedlund,"Skolgatan 191, 33671 Lund",+46 (0)66 52 32 46,780330-8308
Anna Larsson,"Ekgatan 543, 93609 Södertälje",0546-12 64 67,500117-5636
Helen Arvidsson,"Ekvägen 761, 82913 Ängelholm",0258-262 17,740616-6020
Alicia Persson,"Villagränd 7, 49881 Kristianstad",+46 (0)283 145 01,350706-8579
Beata Backlund,"Idrottsvägen 7, 36212 Skövde",054-73 47 68,931004-0325
Thea Lindquist,"Industrivägen 93, 64836 Kalmar",08-692 35 66,940210-9509
Katarina Hermansson,"Villavägen 04, 93131 Umeå",093-105 84 91,010207-2535
Jenny Hagström,"Skolstigen 479, 84620 Norrköping",+46 (0)163 979 14,001003-9907
Gunilla Danielsson,"Villavägen 538, 99769 Skellefteå",+46 (0)04 83 44 81,620521-9089
Rosa Rosengren Vikström,"Nytorget 9, 10127 Karlskrona",0201-352 83,671206-3400
Marie Hosseini,"Stortorget 060, 79596 Jönköping",08-10 04 08,040413-9156
Alva Blixt,"Björkvägen 0, 63134 Borlänge",+46 (0)06 27 41 69,560130-1566
Mona Nordqvist-Jonsson,"Skogsvägen 0, 11888 Nyköping",08-375 387 43,730524-7251
Greta Arvidsson,"Kvarngatan 8, 45171 Trelleborg",08-853 66 23,530610-3549
Maria Nyström,"Skolgatan 6, 30071 Borås",002-864 34 55,940612-8737
Margareta Johansson,"Skolgatan 047, 97104 Östersund",0334-31 32 84,950709-3822
Greta Persson-Jönsson,"Åkergatan 7, 96228 Kristianstad",0227-380 10,820604-3583
Erika Oskarsson,"Skolvägen 01, 56393 Västerås",022-184 01 71,370902-0154
Kristina Hägglund,"Strandgatan 02, 52242 Lidköping",0899-18 49 15,441022-8888
Margareta Schmidt,"Granvägen 15, 85311 Sandviken",+46 (0)8 104 498 56,730310-5568
Eva Karlsson Håkansson,"Industrigatan 9, 91127 Halmstad",+46 (0)04 29 23 80,390202-9028
Anna Ström,"Storvägen 477, 27289 Luleå",039-43 17 08,541030-7333
Maryam Forsberg,"Bäckgatan 8, 56136 Halmstad",08-96 76 13,841210-2538
Matilda Thorén,"Ängsvägen 72, 29962 Ängelholm",+46 (0)242 470 50,610817-9885
Agneta Lundin,"Järnvägsgatan 043, 31561 Stockholm",08-518 19 51,410404-6919
Beatrice Wall Sjöberg,"Järnvägstorget 3, 60378 Falun",073-93 83 38,480221-2193
Nicole Berggren,"Ängsgatan 9, 93491 Lidköping",092-358 77 72,500226-1625
Marit Frisk,"Villavägen 035, 26090 Motala",088-347 15 56,800402-6905
Maria Pettersson,"Villavägen 27, 57891 Örebro",08-73 08 22,770715-4147
Inger Söderlund,"Trädgårdsvägen 8, 55663 Lund",08-577 58 56,440603-3151
Barbro Svensson-Hosseini,"Fabriksstigen 73, 62566 Malmö",08-092 433 08,831029-2936
Mila Larsson,"Storvägen 744, 55763 Jönköping",0340-96 99 26,070119-5604
Linnea Ekberg,"Skogsgatan 9, 24472 Södertälje",+46 (0)8 797 419 04,050313-8067
Marie Karlsson,"Nyvägen 366, 29309 Eskilstuna",0670-958 06,030330-5338
Louise Rask,"Skolstigen 09, 96709 Varberg",08-27 66 67,460319-8310
Karin Lindholm,"Ekvägen 7, 23011 Umeå",0001-31 09 83,661105-0391
Marie Ågren,"Industritorget 18, 23510 Eskilstuna",08-81 62 31,810417-8192
Yvonne Lindblom,"Industrigatan 194, 93595 Lund",+46 (0)11 64 65 56,880721-1449
Filippa Andersson,"Furugatan 6, 92612 Stockholm",08-979 037 34,910425-0569
Margit Nilsson Petersson,"Nytorget 975, 70910 Uppsala",+46 (0)71 51 69 74,370824-9903
Christina Isaksson,"Åkerstigen 05, 52786 Uddevalla",08-082 204 44,501222-6584
Elisabet Andersson-Nyberg,"Stationsstigen 77, 95479 Skellefteå",+46 (0)769 918 70,600918-0651
Lena Eriksson,"Grangränd 9, 52169 Umeå",08-05 02 19,430822-7596
Anneli Eriksson,"Strandgatan 9, 79201 Landskrona",099-561 86 75,880412-3118
Birgitta Dahl,"Björkgränd 726, 18584 Kristianstad",08-081 730 13,470720-1630
Patricia Olsson,"Nygatan 1, 52368 Lund",0083-38 37 77,990131-4873
Isabel Svensson,"Ängsgränd 5, 14171 Borlänge",073-40 17 53,520519-5133
Sofia Christensen,"Nyvägen 992, 89452 Örebro",0824-650 24,421220-9953
Matilda Gustafsson-Sjöberg,"Ekgränd 1, 89805 Falun",0100-703 85,680612-3284
Ingegerd Skoglund,"Strandvägen 04, 49503 Falun",08-825 44 86,771019-7539
Lina Lidström Persson,"Genvägen 937, 46288 Södertälje",+46 (0)01 57 69 27,650630-0398
Eva Öberg,"Kyrkvägen 6, 36868 Borlänge",077-323 72 29,870606-4063
Abdi Davidsson,"Bäckgränd 300, 63255 Örebro",0531-93 49 92,860506-6011
Jessica Hansen,"Storgatan 1, 83618 Nyköping",+46 (0)567 861 51,800327-1791
Karin Augustsson,"Idrottsgatan 907, 27118 Eskilstuna",+46 (0)48 62 17 71,490520-6670
Ann-Charlotte Åkesson,"Idrottsgatan 505, 97829 Trollhättan",+46 (0)8 811 727 67,870302-7774
Maria Öberg,"Skogsstigen 7, 27789 Nyköping",+46 (0)8 548 666 47,400928-6537
Elisabet Ljungberg,"Fabriksvägen 27, 86426 Varberg",08-458 541 34,470112-5371
Pia Alexandersson Brodin,"Skolgatan 931, 62743 Malmö",+46 (0)77 06 69 64,940314-4687
Anette Petersson,"Kyrkovägen 72, 51671 Örnsköldsvik",0705-261 43,780619-1628
Eva Klasson,"Industrivägen 1, 49486 Örebro",036-082 07 85,690918-3318
Jenny Nyman,"Kvarngatan 0, 45248 Skellefteå",0315-970 14,920210-4320
Sara Karlsson,"Åkergatan 24, 44207 Karlskrona",+46 (0)349 175 72,050118-1887
Ella Johnsson,"Villavägen 276, 23417 Halmstad",0742-096 66,661223-2626
Mariann Söderlund,"Björkgränd 761, 93426 Stockholm",085-69 09 76,921013-4327
Annelie Sundström Ahmed,"Grangränd 6, 26459 Kalmar",08-40 20 98,050316-9872
Elin Carlsson,"Fabriksgatan 7, 81355 Karlstad",+46 (0)8 119 338 33,010318-7761
Sara Green,"Industristigen 112, 98204 Lidingö",+46 (0)003 412 47,010921-4098
Maya Ek,"Ringvägen 5, 58870 Mölndal",0226-977 11,360220-5001
Viktoria Hansson-Karlsson,"Idrottsgatan 4, 68401 Sundsvall",+46 (0)8 456 670 22,550214-0477
Ebba Forsell-Larsson,"Parkvägen 94, 21724 Varberg",089-536 09 11,921206-6980
Lova Borgström-Wikström,"Backgatan 007, 77193 Trelleborg",0374-080 53,351031-1156
Eva Ivarsson-Karlsson,"Trädgårdsvägen 4, 78377 Lidingö",08-42 05 88,421127-7167
Åsa Falk,"Kvarnvägen 22, 73238 Umeå",0295-274 23,041105-3135
Maria Rydén,"Furugatan 741, 10929 Gävle",08-51 80 74,851027-1458
Marianne Johansson-Johansson,"Storvägen 1, 98548 Örnsköldsvik",08-615 13 77,810924-6747
Elisabet Brink,"Gengatan 8, 15699 Helsingborg",0182-37 77 84,491216-2650
Sandra Berg-Söderman,"Stationsgränd 47, 66960 Trollhättan",0617-448 58,860720-5146
Michelle Stark Martinsson,"Parkgränd 3, 74761 Norrköping",+46 (0)822 859 33,601224-4346
Eva Hjalmarsson,"Industrigatan 8, 12961 Landskrona",+46 (0)237 594 61,541229-5833
Tina Hammarström,"Industrigatan 547, 48570 Sandviken",0552-76 95 10,970512-8305
Anna Edström,"Skogsgatan 652, 25462 Lidingö",08-465 714 76,030720-9973
Ruth Omar,"Ängsvägen 02, 16410 Lidköping",08-06 48 61,540411-6336
Stella Andersson Hansson,"Fabriksgatan 87, 10703 Alingsås",08-100 15 66,660925-8436
Eva Svensson,"Industrigatan 607, 67196 Lidköping",0359-88 42 42,040131-0016
Agneta Zhang,"Gengränd 5, 69690 Alingsås",08-51 24 96,010607-6805
Cecilia Borg,"Järnvägsvägen 1, 20237 Örnsköldsvik",+46 (0)501 833 34,700411-6757
Lina Larsson,"Nyvägen 80, 51784 Gävle",08-44 00 20,670428-7017
Jenny Petersson-Ottosson,"Kvarngatan 077, 50054 Uppsala",08-244 840 58,940921-4039
Kristina Carlsson,"Furuvägen 406, 10934 Kalmar",044-56 46 36,500318-9833
Lovisa Larsson,"Furuvägen 109, 77486 Lund",+46 (0)8 742 672 60,461224-9195
Ing-Marie Wennberg,"Fabriksgränd 55, 45869 Sundsvall",070-40 14 87,361111-3899
Ing-Britt Sjölin,"Åkerstigen 2, 82587 Karlstad",08-283 45 79,700320-8738
Yasmin Nilsson,"Parkgatan 41, 14946 Södertälje",08-991 016 05,641015-5045
Vera Andersson,"Skolgatan 8, 50948 Linköping",0396-64 00 72,441119-7330
Daniella Björk,"Fabrikstorget 9, 93573 Falun",097-81 48 60,430501-5853
Yvonne Aronsson,"Parkstigen 15, 61628 Göteborg",08-294 68 79,950614-2836
Johanna Johansson,"Industrivägen 439, 22290 Halmstad",033-735 30 19,450220-3229
Felicia Jeppsson,"Idrottsgatan 28, 44636 Södertälje",08-18 75 45,810701-7363
Nina Hellström,"Villatorget 16, 18783 Örebro",0531-164 84,421205-9713
Margareta Hallberg Mohamed,"Åkerstigen 080, 61500 Kristianstad",024-733 95 07,900602-3726
Ingegärd Larsson,"Industrivägen 223, 50840 Lidköping",079-70 40 22,541201-9092
Laila Johansson,"Stationsgatan 6, 93606 Linköping",08-16 65 07,410406-3831
Ebba Andersson,"Storgränd 0, 40402 Karlskrona",0401-996 41,420211-2910
Sandra Karlsson,"Backvägen 50, 24223 Kristianstad",0511-552 70,570529-2893
Tilde Nyberg Svensson,"Kyrkstigen 45, 99449 Västerås",08-82 51 76,890101-0481
Antonia Eriksson,"Parktorget 30, 83819 Stockholm",+46 (0)8 914 078 24,970131-9494
Jeanette Pettersson,"Åkervägen 74, 54518 Karlstad",08-18 31 69,640207-1176
Linnéa Westerlund,"Industristigen 06, 92616 Piteå",083-998 46 74,011129-2405
Sofia Pettersson,"Fabriksgatan 3, 25720 Södertälje",08-790 75 50,480219-6958
Ahmed Brolin,"Industrivägen 2, 38219 Örnsköldsvik",072-16 65 95,651217-3912
Britt Svärd,"Strandgränd 13, 91904 Alingsås",08-449 03 45,380219-1373
Viktoria Thorén Eriksson,"Gengatan 17, 80339 Falun",0170-96 53 74,990429-0559
Lisbet Eriksson,"Granvägen 92, 61099 Lidingö",08-42 41 70,891030-3471
Ann-Sofie Persson,"Storvägen 5, 13929 Uddevalla",+46 (0)711 516 88,960806-7808
Marika Petersen,"Genvägen 6, 68346 Eskilstuna",+46 (0)36 04 19 95,061022-1343
Pernilla Forsberg,"Industrigatan 8, 91343 Ängelholm",+46 (0)17 99 37 69,401110-9719
Elin Blom,"Furuvägen 1, 71239 Karlskoga",0335-014 84,611223-8008
Tindra Berglund,"Furuvägen 43, 98974 Skövde",+46 (0)47 22 79 07,041004-4440
Marina Hansson-Frisk,"Järnvägsgatan 359, 84129 Södertälje",08-340 012 92,420922-8909
Linda Andersson,"Stationsgatan 47, 36006 Karlskoga",+46 (0)8 075 202 34,440828-9884
My Johansson,"Skolvägen 174, 33343 Örebro",+46 (0)8 268 187 17,391121-3928
Britt-Marie Lundström,"Villagatan 8, 61108 Gävle",08-361 536 32,380131-5510
Hanna Alfredsson,"Bäckgränd 97, 77756 Helsingborg",0474-00 50 45,351123-4134
Lovisa Persson Gunnarsson,"Skolgatan 37, 35950 Örebro",008-656 64 24,440107-5637
Eivor Bengtsson,"Nygatan 45, 99468 Eskilstuna",+46 (0)81 80 55 37,010826-5976
Lovisa Axelsson,"Järnvägstorget 48, 46893 Västerås",08-84 06 72,810311-0196
Kristina Blixt,"Skolstigen 09, 61795 Uppsala",+46 (0)36 07 77 97,780906-7700
Anita Eriksson,"Industristigen 07, 36634 Lund",08-76 92 14,870206-1931
Ingrid Persson,"Industrivägen 05, 76444 Trelleborg",+46 (0)407 532 72,690226-7522
Britta Larsson,"Björkstigen 0, 33321 Sandviken",08-427 37 25,740618-8388
Johanna Friberg,"Skogsstigen 5, 81766 Ängelholm",08-875 07 77,440202-6167
Viola Hedman Bergström,"Skolgatan 6, 71289 Kristianstad",+46 (0)214 173 67,041021-0876
Karin Brolin,"Furugatan 939, 66421 Östersund",08-711 64 64,680714-5492
Anne Dahl,"Ekgränd 1, 53269 Uppsala",+46 (0)8 375 265 21,551021-3902
Carin Svensson Johansson,"Aspgränd 05, 92511 Trelleborg",+46 (0)47 80 08 45,491207-7031
Michelle Hedberg,"Kyrkstigen 98, 50857 Uppsala",08-013 011 38,790311-4127
Pia Lindblom,"Villastigen 823, 20090 Varberg",+46 (0)35 03 99 86,600315-9438
Linnéa Larsson,"Strandstigen 0, 22608 Lidköping",+46 (0)8 808 699 16,670318-0346
Eva Lindberg,"Kyrkostigen 5, 24874 Lund",0614-333 18,661202-4429
Birgit Andersson,"Nygatan 973, 29427 Uddevalla",0686-095 29,050416-1431
Gisela Karlsson,"Parkstigen 831, 36385 Norrköping",0758-82 38 79,380601-5578
Kerstin Brandt,"Kyrkgatan 8, 97163 Lidingö",+46 (0)8 408 803 10,870517-1141
Margaretha Svensson,"Industrivägen 2, 45245 Landskrona",065-277 75 39,400518-2425
Maria Nyström-Nilsson,"Strandtorget 253, 76902 Borlänge",0272-01 97 89,881124-5011
Anne-Marie Westman,"Järnvägsgatan 840, 29966 Landskrona",0724-33 89 26,770916-0571
Filippa Sjögren,"Parktorget 56, 90194 Luleå",027-722 67 23,680623-6474
Clara Holmström,"Ekstigen 873, 52827 Kristianstad",08-043 493 24,581102-8637
Maria Englund,"Industrigränd 518, 28667 Motala",08-68 33 68,710429-8620
Carin Andersson,"Skolgränd 9, 49885 Halmstad",+46 (0)77 71 68 42,740323-4409
Carina Christensen,"Stationsgatan 759, 17885 Karlstad",+46 (0)280 094 05,010404-6354
Fanny Karlsson,"Skolvägen 296, 26804 Motala",087-646 67 80,761006-8749
Mariana Lindgren,"Järnvägsgränd 469, 63725 Ängelholm",082-280 99 55,440224-9439
Marie Adolfsson,"Stationsgatan 4, 48397 Sandviken",08-180 879 00,670709-7199
Margareta Lundberg,"Trädgårdsvägen 3, 88821 Stockholm",0677-948 15,681002-1789
Mikaela Larsson,"Skolgatan 388, 49378 Luleå",+46 (0)01 62 64 66,600915-9754
Catharina Carlsson,"Järnvägsgränd 933, 52517 Trollhättan",08-16 09 50,411026-6477
Amanda Håkansson Johansson,"Kvarntorget 624, 78235 Sundsvall",08-326 78 70,041204-2210
Valentina Lindgren,"Kvarngränd 201, 64743 Landskrona",08-408 595 43,061112-5832
Margareta Andersson,"Kvarngatan 37, 31689 Uddevalla",08-67 85 81,750406-2584
Viktoria Franzén,"Trädgårdsstigen 79, 91004 Lidingö",0468-835 36,851019-2308
Katarina Holmberg,"Nystigen 02, 77213 Skellefteå",0532-72 09 15,710609-6535
Helena Gustafsson,"Gengatan 1, 78798 Motala",052-37 27 97,700710-1087
Johanna Andersson,"Bäckgatan 63, 63900 Sundsvall",+46 (0)09 07 07 38,620603-8850
Siri Nilsson,"Kvarngatan 57, 36312 Kristianstad",+46 (0)829 414 51,800306-5847
Frida Nilsson,"Ängsgatan 2, 99721 Skellefteå",08-18 54 03,520328-2842
My Larsen,"Parkgränd 3, 46100 Mölndal",+46 (0)46 06 30 60,440512-1270
Linda Lundqvist,"Gengatan 86, 94171 Umeå",+46 (0)8 691 787 69,760120-4154
Linnéa Johansen,"Ringvägen 70, 88385 Borlänge",+46 (0)37 33 66 76,690123-9977
Eva Eklund Andersson,"Villavägen 7, 84617 Östersund",066-08 87 36,530808-9696
Evelina Lindskog,"Idrottsgatan 912, 93896 Lidköping",+46 (0)8 237 714 94,910526-8503
Helen Nilsson,"Skolgatan 6, 72988 Helsingborg",08-933 30 24,950814-2750
Ing-Marie Almqvist,"Ringvägen 86, 75761 Lund",+46 (0)8 956 222 32,921231-2673
Linnea Carlsson,"Villagatan 768, 65009 Kristianstad",078-11 50 77,650218-3392
Katarina Persson,"Kvarngatan 914, 36230 Mölndal",+46 (0)8 246 182 24,920623-5336
Frida Lindberg,"Fabriksgatan 209, 98750 Karlskoga",0201-11 51 68,380402-5223
Carina Malmqvist,"Ringgränd 3, 49297 Varberg",+46 (0)8 490 138 40,001015-8624
Camilla Eriksson,"Fabriksvägen 151, 59907 Trelleborg",0102-43 30 01,840828-8945
Eva Linde,"Idrottsvägen 0, 29487 Norrköping",08-779 59 18,640122-9411
Eva Jonsson,"Villagatan 97, 37396 Karlskrona",+46 (0)8 633 527 70,810825-2753
Susann Gustafsson,"Trädgårdsstigen 3, 22858 Trelleborg",08-30 79 94,741222-7501
Anna-Lena Fredriksson,"Granvägen 127, 72067 Borlänge",08-871 06 00,040814-4327
Anna Skog,"Villagränd 0, 58987 Karlstad",+46 (0)8 699 728 87,381120-9885
Felicia Nilsson,"Parkgatan 3, 97888 Helsingborg",049-28 68 76,850228-1978
Susanne Turesson,"Strandstigen 257, 52727 Karlskoga",08-602 597 28,620828-1441
Sonia Olsson,"Industrigränd 0, 38830 Örnsköldsvik",006-395 36 19,010602-2940
Viktoria Mohammed,"Storgatan 6, 74699 Borås",+46 (0)17 77 50 70,390706-5712
Yvonne Andersson,"Nyvägen 8, 44360 Uddevalla",+46 (0)8 607 322 36,901124-3400
Karolina Blom,"Skolvägen 36, 46203 Örebro",08-484 34 06,911111-4402
Emma Ali,"Skolvägen 252, 38575 Linköping",08-49 13 26,780718-5090
Helena Jansson,"Strandtorget 15, 56167 Östersund",08-49 58 87,600508-9435
Birgitta Davidsson,"Bäckgatan 6, 56593 Umeå",08-960 13 20,860713-8024
Hedvig Björk,"Furustigen 10, 66568 Sandviken",0441-102 88,890419-2955
Marie Malm,"Furugatan 98, 79732 Malmö",+46 (0)8 451 838 55,900522-5926
Linnea Johnsson,"Skolstigen 7, 67640 Skövde",08-545 452 80,470606-3262
Elsie Persson Lidström,"Parktorget 2, 68636 Sandviken",+46 (0)955 974 10,780627-8714
Elise Söderman,"Kvarnvägen 8, 35146 Uppsala",067-55 76 19,751005-1860
Isabelle Wahlgren,"Ängsstigen 796, 75978 Sandviken",08-49 45 14,951223-4403
Margret Brandt,"Parkvägen 89, 42271 Varberg",0060-45 66 14,050623-3907
Lisbet Berglund,"Industrivägen 0, 48496 Kalmar",08-330 956 83,580615-1113
Ingrid Karlsson,"Kvarntorget 9, 53652 Halmstad",08-067 82 58,810529-0871
Ibrahim Andersen,"Björkgatan 0, 93073 Jönköping",0529-07 62 39,430102-8306
Maj Falk,"Industritorget 07, 93914 Södertälje",+46 (0)8 921 187 38,850116-7558
Cecilia Holm,"Ängsstigen 7, 77768 Eskilstuna",+46 (0)163 151 85,940822-3189
Maria Larsson,"Storgatan 8, 47019 Luleå",061-75 51 44,640716-8654
Lilian Pettersson,"Parkvägen 7, 76002 Uddevalla",0636-06 55 82,970116-2787
Nour Persson Lidström,"Trädgårdsvägen 779, 62230 Sundsvall",+46 (0)04 05 90 51,910301-3570
Marianne Andersson,"Skogsvägen 90, 91152 Nyköping",08-023 631 05,390224-9725
Solveig Lindström,"Åkergatan 936, 81672 Alingsås",0854-912 22,891121-8041
Tuulikki Molin,"Fabriksgränd 659, 38032 Helsingborg",0501-18 81 33,820827-1828
Inger Svensson Andersson,"Stationsgatan 8, 75400 Uddevalla",0800-45 94 29,740830-3035
Eva Nordström,"Furugatan 703, 57380 Kalmar",+46 (0)65 89 60 91,720218-1660
Stella Björk,"Kyrkvägen 967, 64300 Trollhättan",+46 (0)529 703 23,410829-6163
Sofia Lindgren,"Backstigen 4, 62258 Trelleborg",08-052 591 82,430511-1629
Lisa Isaksson-Johnsson,"Industrigränd 2, 87738 Malmö",082-034 86 79,470622-7867
Engla Larsson-Öberg,"Skolgatan 2, 22915 Lidingö",053-036 84 95,440217-6293
Maria Erlandsson,"Kyrkgatan 4, 75077 Malmö",08-06 68 64,460524-2876
Margareta Ågren,"Parkstigen 522, 24160 Kalmar",08-452 68 86,690718-9101
Helena Eklund Jakobsson,"Nystigen 4, 11935 Stockholm",048-21 08 37,011029-6852
Eva Södergren,"Nystigen 3, 68964 Halmstad",044-44 25 80,551014-9866
Nadia Edström,"Industrivägen 448, 31689 Gävle",+46 (0)565 101 80,540116-4602
Linda Lundgren,"Villatorget 041, 15737 Södertälje",0125-164 64,870930-6461
Irene Hassan,"Ekvägen 247, 22426 Kalmar",+46 (0)8 119 967 44,430703-4134
Ida Stenström,"Storstigen 81, 66399 Växjö",08-27 53 42,721012-5659
Alba Eriksson,"Granvägen 7, 24618 Landskrona",0678-66 70 63,760516-9296
Lilian Johansson,"Backgatan 5, 81167 Motala",+46 (0)35 98 46 15,870818-9462
Birgitta Johansson,"Grangatan 80, 24112 Piteå",037-65 73 77,831226-2531
Lovisa Hedberg,"Skolgatan 190, 69374 Växjö",0934-29 98 87,530830-3527
Susanne Molin-Sjölin,"Storgatan 77, 47052 Piteå",+46 (0)97 58 13 92,850630-1954
Helén Johansson,"Åkergatan 1, 97425 Östersund",+46 (0)914 167 08,760413-3962
Emelie Khan,"Granvägen 43, 97942 Trollhättan",+46 (0)8 274 849 64,611114-2755
Maria Lundqvist,"Stationsgränd 01, 47429 Trelleborg",087-806 42 50,910207-5331
Ingrid Larsson,"Järnvägsvägen 81, 30816 Luleå",011-042 91 48,510519-9201
Ingela Hagman Johansson,"Industristigen 2, 65196 Jönköping",+46 (0)38 91 53 76,610620-8330
Linnea Wang,"Fabriksvägen 6, 58977 Sundsvall",08-08 94 73,720628-2324
Kerstin Gustafsson,"Ektorget 729, 28747 Uddevalla",056-45 80 50,550512-0229
Christina Sjölund,"Idrottsvägen 227, 68113 Piteå",+46 (0)8 050 300 33,830908-8246
Helen Jonsson-Fredriksson,"Skolgatan 39, 63141 Göteborg",055-107 34 30,741009-4614
Malin Larsson,"Ringvägen 978, 70434 Lidingö",+46 (0)76 51 18 68,990816-5161
Maria Danielsson Nilsson,"Kyrkotorget 415, 22455 Kristianstad",+46 (0)993 459 74,931028-8825
Siv Alm,"Skolvägen 50, 94699 Västerås",+46 (0)96 32 60 93,411219-0204
Signe Eriksson-Holmberg,"Fabriksstigen 0, 24573 Karlskrona",0050-531 67,500902-1220
Sophia Omar,"Parktorget 6, 62509 Varberg",040-699 07 37,681114-4002
Maria Högberg,"Ekvägen 4, 25743 Alingsås",060-43 08 06,750416-7920
Jessica Martinsson,"Ekgatan 999, 46727 Kristianstad",066-84 44 80,820322-8260
Suzanne Adolfsson,"Stationsgatan 910, 69122 Norrköping",08-36 27 23,041020-5371
Signe Andersson Hellström,"Järnvägsgatan 21, 90057 Halmstad",0882-338 66,011109-1492
Elisabet Persson,"Ängsgränd 50, 60635 Borås",08-091 58 99,550718-8943
Karin Norén,"Idrottsgatan 573, 35213 Uddevalla",0383-94 33 70,011116-3267
Ingrid Johansson Lundberg,"Parktorget 48, 66253 Uddevalla",0440-240 76,770429-7501
Cecilia Persson,"Gentorget 23, 58122 Skövde",+46 (0)389 133 27,540614-9160
Felicia Johansson,"Bäckgränd 79, 35784 Västerås",019-91 86 14,541020-7657
Agneta Johansson,"Industrigatan 8, 99295 Karlstad",+46 (0)8 433 721 73,810516-5800
Karin Lundqvist,"Björkgatan 19, 69858 Örnsköldsvik",047-618 29 58,020711-6625
Frida Karlsson,"Granvägen 9, 36607 Umeå",0440-131 74,790105-4275
Irene Lundin,"Industrigatan 4, 85664 Växjö",005-050 70 46,790907-6270
Margareta Jansson,"Skolvägen 78, 71474 Eskilstuna",08-92 71 57,380321-3721
Birgitta Bohlin,"Kvarngatan 224, 31260 Trelleborg",08-582 97 43,880321-5667
Märta Olsson,"Kvarntorget 3, 10033 Göteborg",+46 (0)24 97 63 70,600825-1057
Cecilia Andersson,"Åkervägen 36, 92200 Uddevalla",082-80 51 76,940925-9703
Jenny Sundqvist,"Järnvägsvägen 7, 57441 Östersund",0238-157 38,750425-2219
Gunilla Ismail,"Ringgränd 04, 45573 Stockholm",0621-779 46,391223-1101
Märta Pettersson,"Kyrkovägen 29, 94734 Eskilstuna",+46 (0)8 426 176 02,850110-2126
Agneta Samuelsson,"Skogsvägen 618, 66992 Uddevalla",+46 (0)958 871 67,500911-0213
Helena Eliasson,"Skolvägen 659, 69925 Lidingö",011-55 30 06,691224-2689
Charlotte Johansson,"Parkstigen 555, 33240 Karlstad",08-971 42 20,530116-4132
Malva Bergman,"Trädgårdsvägen 4, 34045 Ängelholm",+46 (0)98 02 79 61,480913-1966
Elisabeth Svensson Johansson,"Skolgatan 4, 86812 Malmö",08-124 61 70,770714-3595
Helena Rasmussen,"Åkerstigen 32, 80305 Halmstad",+46 (0)8 705 325 14,020129-8650
Olivia Malm,"Genvägen 3, 18922 Växjö",08-695 917 36,531001-9541
Natalie Karlsson,"Kyrkovägen 139, 98602 Nyköping",+46 (0)8 403 699 19,990720-2171
Klara Eriksson,"Parkstigen 5, 94172 Ängelholm",0293-787 94,710824-0206
Carina Karlsson,"Kyrkvägen 644, 84490 Landskrona",08-050 705 96,760925-9945
Josefine Nilsson,"Furutorget 956, 18239 Uppsala",0992-61 03 25,720302-4638
Annie Lundgren,"Åkergatan 6, 11961 Örebro",066-759 64 70,710630-2347
Zahra Olsson-Eriksson,"Skolgatan 39, 90651 Umeå",007-39 39 98,000121-2265
Joline Gren,"Nygatan 919, 69667 Sundsvall",070-369 32 94,930305-9506
Rose-Marie Westerberg-Landström,"Kyrkogatan 479, 64519 Jönköping",08-244 942 01,500523-1906
Marie Johannesson-Högberg,"Parkgatan 598, 49344 Helsingborg",084-60 24 59,901114-1687
Kristina Lindkvist Månsson,"Åkervägen 42, 84380 Lidköping",+46 (0)421 488 34,610503-2723
Ingegerd Hansson-Pettersson,"Industristigen 20, 62721 Göteborg",028-76 20 61,010111-4825
Margaretha Nielsen,"Kyrkogränd 07, 18553 Skövde",046-41 31 50,860116-5080
Inger Andersson,"Industrivägen 03, 73577 Östersund",+46 (0)384 277 54,421004-0905
Anita Ottosson,"Stortorget 361, 32409 Motala",+46 (0)782 495 89,650727-5763
Margareta Sandström,"Furuvägen 3, 59407 Södertälje",063-25 43 05,661005-6548
Caroline Mohamed Johansson,"Kvarnstigen 28, 89507 Helsingborg",0281-99 05 64,501225-9973
Mary Ahlström,"Skogsstigen 6, 10993 Malmö",048-62 36 62,630220-1436
Anna Olsson-Johansson,"Parktorget 6, 28398 Kristianstad",032-06 18 21,580816-4684
Carin Hagberg Palmgren,"Fabriksgatan 346, 21128 Ängelholm",+46 (0)68 69 32 71,700921-3088
Birgitta Brandt,"Bäckgatan 988, 18653 Karlskoga",029-715 53 42,691125-3695
Moa Fredriksson-Bäck,"Björkgatan 8, 58714 Malmö",078-149 42 91,871118-1928
Terese Rosengren,"Skoltorget 49, 41265 Mölndal",+46 (0)03 48 52 87,710507-3238
Elisabeth Jansson,"Aspgränd 5, 20824 Borås",+46 (0)00 00 33 87,351129-4161
Marie Edström,"Kyrkvägen 7, 21342 Halmstad",08-13 64 98,800426-6428
Jane Ek,"Åkergatan 9, 35419 Karlskrona",035-27 23 92,870720-1813
Maria Blom,"Björkvägen 7, 81265 Stockholm",08-760 82 96,991106-3973
Pernilla Engström,"Nyvägen 5, 57859 Lidingö",0044-704 77,560513-7834
Marie Isaksson,"Industristigen 239, 91185 Ängelholm",058-395 57 42,770716-1829
Ulla Eriksson,"Parkstigen 293, 82253 Borås",+46 (0)8 194 763 72,420515-5866
Pia Sjöstedt,"Backstigen 518, 84815 Växjö",092-547 54 87,630711-4477
Katarina Karlsson-Lindgren,"Stationsgatan 59, 14270 Kristianstad",+46 (0)525 932 93,461117-4469
Elisabet Falk,"Storvägen 0, 63947 Norrköping",019-348 79 71,581122-2255
Inger Björklund,"Skolgatan 955, 55623 Uppsala",+46 (0)8 259 733 20,860227-5433
Johanna Isaksson,"Strandvägen 5, 84091 Lidingö",032-596 13 40,580504-0457
Carina Hedman,"Industrigatan 982, 52783 Malmö",080-36 41 28,380415-5368
Karolina Karlsson-Backman,"Gentorget 5, 30659 Karlstad",0215-992 60,430221-9953
Lisa Hassan,"Bäckgränd 4, 29666 Jönköping",034-35 16 16,750620-1875
Nova Andersson,"Furustigen 93, 16339 Växjö",+46 (0)11 51 98 50,920507-6327
Johanna Rydén-Ericson,"Strandgränd 813, 39744 Landskrona",076-92 29 75,510619-2601
Kerstin Persson,"Ringgatan 475, 12585 Helsingborg",08-726 50 50,780628-1619
Filippa Hallberg,"Nygatan 513, 22695 Örebro",08-05 42 91,460327-4996
Maj Hammar,"Furuvägen 576, 49096 Västerås",08-987 29 10,380222-3051
Kristina Andreasson Larsson,"Industrivägen 8, 86480 Norrköping",08-54 44 24,381123-2937
Helene Englund,"Nyvägen 1, 20687 Västerås",+46 (0)36 14 17 41,420409-4124
Klara Robertsson,"Ängstorget 866, 51673 Sundsvall",08-960 721 45,480314-7307
Jenny Vikström,"Industrigränd 99, 58953 Uppsala",069-387 67 60,851104-3807
Ebba Svanberg,"Industrigatan 129, 55528 Trollhättan",08-12 56 20,720217-9342
